<?xml version="1.0" encoding="UTF-8"?>
<beans xmlns="http://www.springframework.org/schema/beans"
    xmlns:xsi="http://www.w3.org/2001/XMLSchema-instance"
    xsi:schemaLocation="
        http://www.springframework.org/schema/beans http://www.springframework.org/schema/beans/spring-beans.xsd">

    <!-- bean definitions here -->
    <!-- Define the Map for the ServiceName -->
<bean class="com.scb.core.processors.config.ApplicationConfig">
   	<property name="modulesMap"  >
   		<map>
   			<entry key="mongo" value-ref="moduleMap"/>

   		</map>
   	</property>
</bean>
   	
<!-- ModuleCodes -->
   	
<bean id="moduleMap"  class="org.springframework.beans.factory.config.MapFactoryBean">
   <property name="sourceMap">
      <map>
         <entry key="save" value-ref="otpMongoSaveProcessor"/>
         <entry key="read" value-ref="otpMongoReadProcessor"/>
         <entry key="update" value-ref="otpMongoUpdateProcessor"/>
         <entry key="delete" value-ref="otpMongoDeleteProcessor"/>
       </map>
    </property>
</bean>

<bean name="otpMongoSaveProcessor" class="com.scb.otp.mongo.processor.SCBOtpMongoSaveProcessor"/>
<bean name="otpMongoReadProcessor" class="com.scb.otp.mongo.processor.SCBOtpMongoReadProcessor"/>
<bean name="otpMongoUpdateProcessor" class="com.scb.otp.mongo.processor.SCBOtpMongoUpdateProcessor"/>
<bean name="otpMongoDeleteProcessor" class="com.scb.otp.mongo.processor.SCBOtpMongoDeleteProcessor"/>


</beans>